{"initial_reset_timestamp": 1512319084.7519906, "episode_lengths": [92, 91, 91], "timestamps": [1512319084.8364372, 1512319084.9185078, 1512319085.0019908], "episode_types": ["t", "t", "t", "t"], "episode_rewards": [-126.09430245910647, -124.99921522709168, -125.68701884978326]}